{
  "name": "oedatamodel",
  "resources": [
    {
      "profile": "tabular-data-resource",
      "name": "oed_scenario",
      "path": "oed_scenario.csv",
      "scheme": "file",
      "format": "csv",
      "encoding" : "utf-8",
      "schema": {
        "fields": [
          {"name": "id", "description": "Unique identifier", "type": "integer"},
          {"name": "scenario", "description": "Scenario name", "type": "string"},
          {"name": "region", "description": "Country or region, you can add a upper region with sub regions using json syntax", "type": "object"},
          {"name": "year", "description": "Year", "type": "integer"},
          {"name": "source", "description": "Source", "type": "string"},
          {"name": "comment", "description": "Comment", "type": "string"}
        ],
        "primaryKey": ["id"]
      },
      "dialect": {
        "delimiter": ";"
      }
    },
    {
    "profile": "tabular-data-resource",
    "name": "oed_scalar",
    "path": "oed_scalar.csv",
    "format": "csv",
    "encoding" : "utf-8",
    "schema": {
      "fields": [
        {"name": "id", "description": "Unique identifier", "type": "integer", "unit": null},
        {"name": "scenario_id", "description": "Scenario name", "type": "integer", "unit": null},
        {"name": "region", "description": "Country or region, add a flow from region a -> b: ['a', 'b']", "type": "array", "unit": null},
        {"name": "year", "description": "Year", "type": "integer", "unit": null},
        {"name": "input_energy_vector", "description": "It describes any type of energy or energy carrier (e.g. electricity, heat, solar radiation, natural gas, ...) that enters a technology.", "type": "string", "unit": null},
        {"name": "output_energy_vector", "description": "It describes any type of energy or energy carrier (e.g. electricity, heat, hydrogen, LNG, CO2, ...) that exits a technology.", "type": "string", "unit": null},
        {"name": "technology", "description": "It describes an element of the modelled energy system that processes an energy vector.", "type": "string", "unit": null},
        {"name": "technology_type", "description": "The specification can be technological, or freely user-defined, based on the requirements of the model.", "type": "string", "unit": null},
        {"name": "parameter_name", "description": "It describes a considered property of an element in the energy system.", "type": "string", "unit": null},
        {"name": "value", "description": "Parameter value", "type": "number", "floatNumber": "True", "unit": "kW"},
        {"name": "unit", "description": "Parameter unit", "type": "string", "unit": null},
        {"name": "tags", "description": "Free classification with key-value pairs", "type": "object", "unit": null},
        {"name": "method", "description": "Method type (sum, mean, median)", "type": "object", "unit": null},
        {"name": "source", "description": "Source", "type": "string", "unit": null},
        {"name": "comment", "description": "Comment", "type": "string", "unit": null}
      ],
      "primaryKey": ["id"],
      "foreignKeys": [
        {
          "fields": ["scenario_id"],
          "reference": {
            "resource": "oed_scenario",
            "fields": ["id"]
          }
        }
      ]
    },
    "dialect":
      {
        "delimiter": ";"
      }
    },
    {
      "profile": "tabular-data-resource",
      "name": "oed_timeseries",
      "path": "oed_timeseries.csv",
      "format": "csv",
      "encoding" : "utf-8",
      "schema": {
        "fields": [
          {"name": "id", "description": "Unique identifier", "type": "integer", "unit": null},
          {"name": "scenario_id", "description": "Scenario name", "type": "integer", "unit": null},
          {"name": "region", "description": "Country or region", "type": "array", "unit": null},
          {"name": "input_energy_vector", "description": "It describes any type of energy or energy carrier (e.g. electricity, heat, solar radiation, natural gas, ...) that enters a technology.", "type": "string", "unit": null},
          {"name": "output_energy_vector", "description": "It describes any type of energy or energy carrier (e.g. electricity, heat, hydrogen, LNG, CO2, ...) that exits a technology.", "type": "string", "unit": null},
          {"name": "technology", "description": "It describes an element of the modelled energy system that processes an energy vector.", "type": "string", "unit": null},
          {"name": "technology_type", "description": "The specification can be technological, or freely user-defined, based on the requirements of the model.", "type": "string", "unit": null},
          {"name": "parameter_name", "description": "It describes a considered property of an element in the energy system.", "type": "string", "unit": null},
          {"name": "timeindex_start", "description": "Start timestamp", "type": "datetime", "unit": null},
          {"name": "timeindex_stop", "description": "Stop timestamp", "type": "datetime", "unit": null},
          {"name": "timeindex_resolution", "description": "Timesteps", "type": "any", "unit": null},
          {"name": "series", "description": "Timesteps", "type": "array", "unit": null},
          {"name": "unit", "description": "Parameter unit", "type": "string", "unit": null},
          {"name": "tags", "description": "Free classification with key-value pairs", "type": "object", "unit": null},
          {"name": "method", "description": "Method type (sum, mean, median)", "type": "object", "unit": null},
          {"name": "source", "description": "Source", "type": "string", "unit": null},
          {"name": "comment", "description": "Comment", "type": "string", "unit": null}
        ],
        "primaryKey": ["id"],
        "foreignKeys": [
          {
            "fields": ["scenario_id"],
            "reference": {
              "resource": "oed_scenario",
              "fields": ["id"]
            }
          }
        ]
      },
      "dialect": {
        "delimiter": ";"
      }
    }
  ]
}

Jonas H, [13.10.21 16:52]
{
    "name": "Oedatamodel",
    "resources": [
        {
            "profile": "tabular-data-resource",
            "name": "oemofb3_test_scenario",
            "path": "data/oemofb3_test_scenario.csv",
      "scheme": "file",
            "format": "csv",
            "encoding": "UTF-8",
            "schema": {
                "fields": [
                    {
                        "name": "id",
                        "description": "Unique identifier",
                        "type": "integer",
                        "unit": null
                    },
                    {
                        "name": "scenario",
                        "description": "Scenario name",
                        "type": "string",
                        "unit": null
                    },
                    {
                        "name": "region",
                        "description": "Country or region, you can add a upper region with sub regions using json syntax",
                        "type": "object",
                        "unit": null
                    },
                    {
                        "name": "year",
                        "description": "Year",
                        "type": "integer",
                        "unit": null
                    },
                    {
                        "name": "source",
                        "description": "Source",
                        "type": "string",
                        "unit": null
                    },
                    {
                        "name": "comment",
                        "description": "Comment",
                        "type": "string",
                        "unit": null
                    }
                ],
                "primaryKey": [
                    "id"
                ]
            },
            "dialect": {
                "delimiter": ";"
            }
        },
        {
            "profile": "tabular-data-resource",
            "name": "oemofb3_test_scalar_template",
            "path": "data/oemofb3_test_scalar_template.csv",
      "scheme": "file",
            "format": "csv",
            "encoding": "UTF-8",
            "schema": {
                "fields": [
                    {
                        "name": "id_scal",
                        "description": "Unique identifier",
                        "type": "integer",
      "unit": null
                    },
                    {
                        "name": "scenario",
                        "description": "Scenario name",
                        "type": "integer",
                        "unit": null
                    },
                    {
                        "name": "var_name",
                        "description": "string",
                        "type": "string",
                        "unit": null
                    },
                    {
                        "name": "carrier",
                        "description": "It describes any type of energy or energy carrier (e.g. electricity, heat, solar radiation, natural gas, ...) that enters a technology.",
                        "type": "string",
                        "unit": null
                    },
                    {
                        "name": "region",
                        "description": "Country or region, add a flow from region a -> b: ['a', 'b']",
                        "type": "string",
                        "unit": null
                    },
                    {
                        "name": "tech",
                        "description": "The specification can be technological, or freely user-defined, based on the requirements of the model.",
                        "type": "string",
                        "unit": null
                    },
                    {
                        "name": "type",
                        "description": "It describes an element of the modelled energy system that processes an energy vector.",
                        "type": "string",
                        "unit": null
                    },

Jonas H, [13.10.21 16:52]
{
                        "name": "var_value",
                        "description": "Parameter value",
                        "type": "number",
                        "unit": "kW"
                    },
                    {
                        "name": "var_unit",
                        "description": "Parameter unit",
                        "type": "string",
                        "unit": null
                    },
                    {
                        "name": "source",
                        "description": "Source",
                        "type": "string",
                        "unit": null
                    },
                    {
                        "name": "comment",
                        "description": "Comment",
                        "type": "string",
                        "unit": null
                    }
                ],
                "primaryKey": [
                    "id_scal"
                ],
                "foreignKeys": [
                    {
                        "fields": [
                            "scenario"
                        ],
                        "reference": {
                            "resource": "oemofb3_test_scenario",
                            "fields": [
                                "id"
                            ]
                        }
                    }
                ]
            },
            "dialect": {
                "delimiter": ";"
            }
        },
        {
            "profile": "tabular-data-resource",
            "name": "oemofb3_test_timeseries_template",
            "path": "data/oemofb3_test_timeseries_template.csv",
      "scheme": "file",
            "format": "csv",
            "encoding": "UTF-8",
            "schema": {
                "fields": [
                    {
                        "name": "id_ts",
                        "description": "Unique identifier",
                        "type": "integer",
                        "unit": null
                    },
                    {
                        "name": "scenario",
                        "description": "Scenario name",
                        "type": "integer",
                        "unit": null
                    },
                    {
                        "name": "region",
                        "description": "Country or region",
                        "type": "string",
                        "unit": null
                    },
                    {
                        "name": "var_name",
                        "description": "It describes a considered property of an element in the energy system.",
                        "type": "string",
                        "unit": null
                    },
                    {
                        "name": "timeindex_start",
                        "description": "Start timestamp",
                        "type": "datetime",
                        "unit": null
                    },
                    {
                        "name": "timeindex_stop",
                        "description": "Stop timestamp",
                        "type": "datetime",
                        "unit": null
                    },
                    {
                        "name": "timeindex_resolution",
                        "description": "datetime",
                        "type": "any",
                        "unit": null
                    },
                    {
                        "name": "series",
                        "description": "datetime",
                        "type": "any",
                        "unit": null
                    },
                    {
                        "name": "var_unit",
                        "description": "Parameter unit",
                        "type": "string",
                        "unit": null
                    },
                    {
                        "name": "source",
                        "description": "Source",
                        "type": "string",
                        "unit": null
                    },
                    {
                        "name": "comment",
                        "description": "Comment",
                        "type": "string",
                        "unit": null
                    }
                ],
                "primaryKey": [
                    "id_ts"
                ],
                "foreignKeys": [
                    {
                        "fields": [
                            "scenario"
                        ],
                        "reference": {
                            "resource": "oemofb3_test_scenario",
                            "fields": [
                                "id"
                            ]
                        }
                    }
                ]
            },
            "dialect": {
                "delimiter": ";"
            }
        }
    ],
    "review": {
        "path": null,
        "badge": null
    },
    "metaMetadata": {
        "metadataVersion": "OEP-1.4.0",
        "metadataLicense": {
            "name": "CC0-1.0",
            "title": "Creative Commons Zero v1.0 Universal",
            "path": "https://creativecommons.org/publicdomain/zero/1.0/"
        }
    },
    "_comment": {
        "metadata": "Metadata documentation and explanation (https://github.com/OpenEnergyPlatform/organisation/wiki/metadata)",
        "dates": "Dates and time must follow the ISO8601 including time zone (YYYY-MM-DD or YYYY-MM-DDThh:mm:ss±hh)",
        "units": "Use a space between numbers and units (100 m)",
        "languages": "Languages must follow the IETF (BCP47) format (en-GB, en-US, de-DE)",
        "licenses": "License name must follow the SPDX License List (https://spdx.org/licenses/)",
        "review": "Following the OEP Data Review (https://github.com/OpenEnergyPlatform/data-preprocessing/wiki)",
        "null": "If not applicable use (null)"
    }
}